{
  "num_images": 200,
  "device": "cuda",
  "eval_ssim": 0.31954235613324433,
  "eval_alex2": 0.7400251256281407,
  "eval_alex5": 0.859497487437186,
  "eval_clip": 0.8814572864321609,
  "clip_backend": "official_openai_clip_vit_l_14",
  "eval_mse_fallback": 0.12808039784431458,
  "eval_pixel_cosine_fallback": 0.8032267093658447
}