{
  "num_images": 200,
  "device": "cuda",
  "eval_ssim": 0.33570370839201447,
  "eval_alex2": 0.7462311557788945,
  "eval_alex5": 0.865251256281407,
  "eval_clip": 0.8965577889447236,
  "clip_backend": "open_clip_vit_l_14_laion2b_s32b_b82k_fallback_after_openai_clip_error: No module named 'clip'",
  "eval_mse_fallback": 0.12336476892232895,
  "eval_pixel_cosine_fallback": 0.8048766851425171
}